alpha_deg,cl,cd
-3.99,-0.4363,0.008709999999999999
-1.98,-0.2213,0.00792
-0.03,-0.0115,0.008029999999999999
0.04,-0.0013,0.00811
2.0,0.2213,0.008140000000000001
4.06,0.4365,0.008140000000000001
6.09,0.6558,0.00851
8.09,0.8689,0.00985
10.18,1.0809,0.01165
11.13,1.1731,0.01247
12.1,1.2644,0.01299
13.31,1.3676,0.01408
14.08,1.4316,0.015330000000000002
15.24,1.5169,0.0187
16.33,1.5855,0.02186
17.13,1.6219,0.02513
18.21,1.0104,0.25899
19.27,1.0664,0.43446
