alpha_deg,cl,cd,cm,Re,mean_yplus,t0,t1,k,omega,epsilon,nut,z_turbulence
0.0,1.450681263101723e-06,0.018341290556660037,2.9656717123923128e-06,199999.99999999997,4.91746,20.0,29.99731,0.00639377,23.2807,0.013396629711509999,0.000274644,-0.02
1.0,0.09401815169799091,0.01842462966947505,0.0026268152060920287,199999.99999999997,4.91088,20.0,29.99728,0.00666906,22.1342,0.01328528770668,0.000301321,8.68446e-17
2.0,0.1873759575142676,0.018717748363982246,0.005303919187064046,199999.99999999997,4.89569,20.0,30.00244,0.00684218,22.3266,0.01374863543892,0.000306448,-0.01
3.0,0.28007517902529305,0.019218862048118446,0.008003351022825416,199999.99999999997,4.87529,20.0,29.99792,0.00713829,21.2299,0.01363906645839,0.000336243,-0.03
4.0,0.3718349667049369,0.019954551446613088,0.010687444764638347,199999.99999999997,4.84431,20.0,30.00002,0.00763233,21.3803,0.014686335458909997,0.000356975,-0.04
5.0,0.46226213427656165,0.020945085568606515,0.013359182925787508,199999.99999999997,4.80231,20.0,29.99797,0.00797708,21.2319,0.015243170836679998,0.000375701,-0.05
6.0,0.550597982111001,0.022203959217046577,0.016039397165510404,199999.99999999997,4.74881,20.0,29.99778,0.00879976,20.3443,0.01611224616312,0.00043254,-0.07
